dataset               , model        , metric    , n_seeds, rel_diff_seed_%     , t_pvalue              , wilcoxon_pvalue, n_users_total, rel_diff_user_%     , ci_lo_pool             , ci_hi_pool             , p_boot_pool, cohens_d_pool         , seeds_sig_pos, seeds_sig_neg
amazon-digital-music  , IA-SASRec-Add, mrr@10    ,       5, 1.7764618800888279  , 0.08256829674577346   ,          0.125 ,         27705, 1.7936757241727448  , -0.00013609693110234534, 0.0021090671845950676  ,      0.098 , 0.009736361204808055  ,             0,             0
amazon-digital-music  , IA-SASRec-Add, mrr@100   ,       5, 0.7434944237918257  , 0.23219738893167882   ,          0.3125,         27705, 0.7821812955159377  , -0.0005377092876853257 , 0.0015663111162882712  ,      0.375 , 0.005348433019667583  ,             0,             0
amazon-digital-music  , IA-SASRec-Add, mrr@20    ,       5, 1.0803511141120845  , 0.09930068321372679   ,          0.1875,         27705, 1.0273159268954455  , -0.00044382381997642946, 0.001707742436800603   ,      0.296 , 0.0063160420353286185 ,             0,             0
amazon-digital-music  , IA-SASRec-Add, mrr@50    ,       5, 0.8574150523975912  , 0.1781979899174474    ,          0.3125,         27705, 0.8679129864427513  , -0.0004919859752191207 , 0.0016321058124581535  ,      0.336 , 0.005765166485525002  ,             0,             0
amazon-digital-music  , IA-SASRec-Add, ndcg@10   ,       5, -1.1619634811477293 , 0.2432044682912751    ,          0.4375,         27705, -1.1371331065137844 , -0.0023563456409534233 , 0.0005074367909354309  ,      0.176 , -0.007893891623627707 ,             0,             1
amazon-digital-music  , IA-SASRec-Add, ndcg@100  ,       5, -2.3480662983425438 , 0.011023606642687327  ,          0.0625,         27705, -2.3390870793537704 , -0.00456997400900816   , -0.0021851401160415135 ,      0.0005, -0.032581963409778175 ,             0,             3
amazon-digital-music  , IA-SASRec-Add, ndcg@20   ,       5, -2.1256038647343014 , 0.013917602720914002  ,          0.0625,         27705, -2.121174579768411  , -0.0034501430500293822 , -0.0008799795803018134 ,      0.002 , -0.01889422589660605  ,             0,             1
amazon-digital-music  , IA-SASRec-Add, ndcg@50   ,       5, -2.3145961265942314 , 0.02478438706525939   ,          0.0625,         27705, -2.3043761793629445 , -0.00416816550601662   , -0.0017075345674034716 ,      0.0005, -0.026660956782832784 ,             0,             3
amazon-digital-music  , IA-SASRec-Add, recall@10 ,       5, -3.877238968982092  , 0.02997324844904172   ,          0.125 ,         27705, -3.8635915631776077 , -0.01032304638151958   , -0.0037538350478253024 ,      0.0005, -0.025914914850806423 ,             0,             3
amazon-digital-music  , IA-SASRec-Add, recall@100,       5, -3.894400262359596  , 0.006342378935979184  ,          0.0625,         27705, -3.898794111119331  , -0.02317361487096192   , -0.014870961920231004  ,      0.0005, -0.0533722582679284   ,             0,             4
amazon-digital-music  , IA-SASRec-Add, recall@20 ,       5, -4.5531717857694085 , 0.008647146904467705  ,          0.0625,         27705, -4.554317548746519  , -0.015232809962100705  , -0.008157372315466522  ,      0.0005, -0.03819763456161141  ,             0,             4
amazon-digital-music  , IA-SASRec-Add, recall@50 ,       5, -4.28873611845585   , 0.009093491020090426  ,          0.0625,         27705, -4.2851689253674365 , -0.02014076881429345   , -0.012272153040967335  ,      0.0005, -0.04680343191978925  ,             0,             3
amazon-digital-music  , IA-SASRec-Mul, mrr@10    ,       5, -2.5906735751295287 , 0.06773363426429224   ,          0.125 ,         27705, -2.560984921596117  , -0.0024123356766155898 , -0.00028556675633015693,      0.013 , -0.014827055098354086 ,             0,             1
amazon-digital-music  , IA-SASRec-Mul, mrr@100   ,       5, -2.602230483271377  , 0.038401921149095235  ,          0.125 ,         27705, -2.5941054128291183 , -0.0026114165718342857 , -0.0006319170831882437 ,      0.0005, -0.0190421426926148   ,             0,             1
amazon-digital-music  , IA-SASRec-Mul, mrr@20    ,       5, -2.802160702228225  , 0.04883541367816666   ,          0.125 ,         27705, -2.831006680618501  , -0.002663301279633659  , -0.0006190152602839024 ,      0.0005, -0.018659796214157857 ,             0,             1
amazon-digital-music  , IA-SASRec-Mul, mrr@50    ,       5, -2.540489044140991  , 0.04424450605490902   ,          0.125 ,         27705, -2.5431319339238834 , -0.002545494342409039  , -0.0005654204121841037 ,      0.0005, -0.018129509794056618 ,             0,             1
amazon-digital-music  , IA-SASRec-Mul, ndcg@10   ,       5, -2.7033436092008487 , 0.012208438223916221  ,          0.0625,         27705, -2.71911469867441   , -0.0036197228828454067 , -0.0008547738936108942 ,      0.0005, -0.019555937803741305 ,             0,             1
amazon-digital-music  , IA-SASRec-Mul, ndcg@100  ,       5, -2.596685082872926  , 0.000446771116684973  ,          0.0625,         27705, -2.6070568368547895 , -0.004896330073058028  , -0.0025823180213369167 ,      0.0005, -0.03783579689616125  ,             0,             5
amazon-digital-music  , IA-SASRec-Mul, ndcg@20   ,       5, -3.26570048309179   , 0.006105761518817105  ,          0.0625,         27705, -3.2712476607743546 , -0.004636502525758331  , -0.0020279505748165643 ,      0.0005, -0.030465849477868633 ,             0,             3
amazon-digital-music  , IA-SASRec-Mul, ndcg@50   ,       5, -2.3775783341206025 , 0.005261306356546079  ,          0.0625,         27705, -2.382464841699812  , -0.004183790289868537  , -0.00180527566443833   ,      0.0005, -0.028713099412223643 ,             0,             3
amazon-digital-music  , IA-SASRec-Mul, recall@10 ,       5, -2.9270423765836657 , 0.02146511938119645   ,          0.0625,         27705, -2.9174058742361524 , -0.008554412560909583  , -0.002237863201588161  ,      0.001 , -0.019856145014293197 ,             0,             2
amazon-digital-music  , IA-SASRec-Mul, recall@100,       5, -2.5867016479462155 , 0.0012058666378137646 ,          0.0625,         27705, -2.589331952356292  , -0.016748781808337845  , -0.008698790831979787  ,      0.0005, -0.035554731152290055 ,             0,             3
amazon-digital-music  , IA-SASRec-Mul, recall@20 ,       5, -3.750578793023615  , 0.006651003164797309  ,          0.0625,         27705, -3.7465181058495824 , -0.01321061180292366   , -0.006099981952716116  ,      0.0005, -0.03221636582455659  ,             0,             4
amazon-digital-music  , IA-SASRec-Mul, recall@50 ,       5, -2.15758857747224   , 0.029127422866446324  ,          0.0625,         27705, -2.1569001717885095 , -0.012056487998556218  , -0.00440353726764122   ,      0.0005, -0.023721339463685275 ,             0,             2
amazon-digital-music  , IA-SASRec-Val, mrr@10    ,       5, 3.6639526276832     , 0.12858218785216283   ,          0.125 ,         27705, 3.6607390941928317  , 0.000886175350847793   , 0.003153570569176957   ,      0.0005, 0.021182162095186582  ,             2,             0
amazon-digital-music  , IA-SASRec-Val, mrr@100   ,       5, 2.94299876084263    , 0.14579863981277022   ,          0.1875,         27705, 2.9618681506310103  , 0.0009020368800672603  , 0.003034407051135595   ,      0.0005, 0.021690429545409538  ,             2,             0
amazon-digital-music  , IA-SASRec-Val, mrr@20    ,       5, 3.106009453072249   , 0.16311075294556054   ,          0.1875,         27705, 3.138226508578766   , 0.0008012375027583358  , 0.002990534581051627   ,      0.002 , 0.020681273393114024  ,             2,             0
amazon-digital-music  , IA-SASRec-Val, mrr@50    ,       5, 3.112099079072727   , 0.13616002224413756   ,          0.125 ,         27705, 3.1114056076709544  , 0.0009467503950319091  , 0.003085793961043799   ,      0.0005, 0.02213017541072488   ,             2,             0
amazon-digital-music  , IA-SASRec-Val, ndcg@10   ,       5, 1.0433957789898067  , 0.48831692798030735   ,          0.625 ,         27705, 1.0479712779691766  , -0.00048325596076684405, 0.0023287706158564934  ,      0.203 , 0.007595970855501784  ,             1,             0
amazon-digital-music  , IA-SASRec-Val, ndcg@100  ,       5, 0.3591160220994463  , 0.695835402874516     ,          0.8125,         27705, 0.34651168835086604 , -0.0006013510379025163 , 0.0017265727855877851  ,      0.35  , 0.005084108202955426  ,             1,             1
amazon-digital-music  , IA-SASRec-Val, ndcg@20   ,       5, 0.4057971014492763  , 0.771849866814417     ,          1.0   ,         27705, 0.37556122433855826 , -0.0008102211017466166 , 0.0017269169128880395  ,      0.522 , 0.0035635066514355827 ,             1,             1
amazon-digital-music  , IA-SASRec-Val, ndcg@50   ,       5, 0.740040938434898   , 0.4375542667148224    ,          0.4375,         27705, 0.7492555854023896  , -0.0002448020594886197 , 0.002256518744814003   ,      0.12  , 0.00909751661181429   ,             1,             0
amazon-digital-music  , IA-SASRec-Val, recall@10 ,       5, -1.5290519877675854 , 0.182250968895122     ,          0.3125,         27705, -1.5178395426769171 , -0.005885219274499188  , 0.0005053239487457137  ,      0.099 , -0.010331652727412512 ,             0,             1
amazon-digital-music  , IA-SASRec-Val, recall@100,       5, -0.9838484873329494 , 0.11685258039846526   ,          0.0625,         27705, -0.9839461418953911 , -0.00877097996751489   , -0.0005766107200866319 ,      0.021 , -0.013751189106219848 ,             0,             1
amazon-digital-music  , IA-SASRec-Val, recall@20 ,       5, -1.8830066368266711 , 0.1554492904785557    ,          0.3125,         27705, -1.8802228412256268 , -0.008337845154304278  , -0.0013715935751669375 ,      0.006 , -0.016506212909627282 ,             0,             1
amazon-digital-music  , IA-SASRec-Val, recall@50 ,       5, -0.5817028027498683 , 0.287885535350901     ,          0.4375,         27705, -0.5821721702615003 , -0.00624436022378632   , 0.0019500090236419369  ,      0.294 , -0.006447382965405764 ,             0,             0
amazon-office-products, IA-SASRec-Add, mrr@10    ,       5, 3.6269430051813454  , 0.02489616346022303   ,          0.0625,         24525, 3.5892271311805697  , 0.00022768312217853507 , 0.0019205240845913628  ,      0.018 , 0.015665763022324527  ,             0,             0
amazon-office-products, IA-SASRec-Add, mrr@100   ,       5, 2.1478521478521504  , 0.009855984831899992  ,          0.0625,         24525, 2.1281814633797502  , 2.2620466638672412e-05 , 0.0016526912778103615  ,      0.045 , 0.012791066093244593  ,             0,             0
amazon-office-products, IA-SASRec-Add, mrr@20    ,       5, 2.7120600115406743  , 0.013012857587073884  ,          0.0625,         24525, 2.7678855506072013  , 9.957433788478282e-05  , 0.0017725268291753648  ,      0.032 , 0.013993378189192603  ,             0,             0
amazon-office-products, IA-SASRec-Add, mrr@50    ,       5, 2.460732984293192   , 0.005128879442818286  ,          0.0625,         24525, 2.44268629766618    , 8.862430874616287e-05  , 0.0017343248874088718  ,      0.027 , 0.013926787525887285  ,             0,             0
amazon-office-products, IA-SASRec-Add, ndcg@10   ,       5, 2.4914089347079065  , 0.08262273547776888   ,          0.125 ,         24525, 2.596148712617099   , 2.7395504757668708e-05 , 0.0022731737627227694  ,      0.045 , 0.013210928427358982  ,             0,             0
amazon-office-products, IA-SASRec-Add, ndcg@100  ,       5, -0.4981797279172238 , 0.17611959912922712   ,          0.1875,         24525, -0.484839258730682  , -0.0015292578255053004 , 0.00046556350735678744 ,      0.301 , -0.0062115729239349176,             0,             0
amazon-office-products, IA-SASRec-Add, ndcg@20   ,       5, 1.057851239669422   , 0.31070808609166006   ,          0.4375,         24525, 1.0273403522917477  , -0.0005450341212561238 , 0.0017197191621891924  ,      0.328 , 0.00685065437737923   ,             1,             0
amazon-office-products, IA-SASRec-Add, ndcg@50   ,       5, 0.602264514574795   , 0.2980148117312123    ,          0.4375,         24525, 0.5825995420978831  , -0.0006244754183572783 , 0.0015002036361763226  ,      0.391 , 0.0056730912186152005 ,             0,             0
amazon-office-products, IA-SASRec-Add, recall@10 ,       5, 1.391731477691366   , 0.3698000801149823    ,          0.625 ,         24525, 1.3767209011264079  , -0.001509683995922528  , 0.003873598369011213   ,      0.378 , 0.00619501314138399   ,             0,             0
amazon-office-products, IA-SASRec-Add, recall@100,       5, -1.9912943413218567 , 0.010909870777276655  ,          0.0625,         24525, -1.9891869835764557 , -0.011988786952089703  , -0.003955147808358817  ,      0.0005, -0.024689351681540198 ,             0,             1
amazon-office-products, IA-SASRec-Add, recall@20 ,       5, -0.6777893639207522 , 0.6758349463833644    ,          0.625 ,         24525, -0.6909380813180973 , -0.0044444444444444444 , 0.002161060142711519   ,      0.507 , -0.004028975882296448 ,             1,             0
amazon-office-products, IA-SASRec-Add, recall@50 ,       5, -0.6500784577449032 , 0.4916251678963267    ,          0.4375,         24525, -0.6398537477148081 , -0.005300713557594291  , 0.0020387359836901123  ,      0.37  , -0.005694586563561682 ,             0,             0
amazon-office-products, IA-SASRec-Mul, mrr@10    ,       5, -0.1295336787564804 , 0.9319353206435887    ,          1.0   ,         24525, -0.10568725271305009, -0.0008027834409332879 , 0.0006654559649207953  ,      0.897 , -0.0005717464300689135,             0,             0
amazon-office-products, IA-SASRec-Mul, mrr@100   ,       5, -0.6493506493506471 , 0.5854233933951533    ,          0.625 ,         24525, -0.6430171009119455 , -0.0009582533120515127 , 0.0003872503435885424  ,      0.404 , -0.004886432292880601 ,             0,             0
amazon-office-products, IA-SASRec-Mul, mrr@20    ,       5, -0.46162723600693356, 0.737093933978876     ,          0.8125,         24525, -0.37222481917026146, -0.0008714192216336676 , 0.0005521878261283776  ,      0.684 , -0.00237511625096102  ,             0,             0
amazon-office-products, IA-SASRec-Mul, mrr@50    ,       5, -0.5235602094240842 , 0.7090517682041227    ,          0.8125,         24525, -0.5812621289121714 , -0.0009413930362448924 , 0.00043793979549657273 ,      0.474 , -0.0041902897923474   ,             0,             0
amazon-office-products, IA-SASRec-Mul, ndcg@10   ,       5, 0.902061855670102   , 0.45184113542570836   ,          0.3125,         24525, 0.9219758957559054  , -0.0005618667440797485 , 0.001338511323973699   ,      0.404 , 0.005555989239507593  ,             0,             0
amazon-office-products, IA-SASRec-Mul, ndcg@100  ,       5, -0.8047518681739788 , 0.2317229909606458    ,          0.625 ,         24525, -0.786921687886631  , -0.0016308526247470648 , -2.1679802649336034e-05,      0.038 , -0.012821565378519511 ,             0,             1
amazon-office-products, IA-SASRec-Mul, ndcg@20   ,       5, 0.13223140495867688 , 0.9008324078248959    ,          1.0   ,         24525, 0.13928981866966186 , -0.0008610054111045888 , 0.0009937329951569811  ,      0.894 , 0.0011637611383833299 ,             0,             0
amazon-office-products, IA-SASRec-Mul, ndcg@50   ,       5, -0.5540833534088163 , 0.6270953331019269    ,          0.8125,         24525, -0.5448072914802863 , -0.0013083378285086128 , 0.0003830070973115013  ,      0.267 , -0.006690547501423052 ,             1,             1
amazon-office-products, IA-SASRec-Mul, recall@10 ,       5, 2.0261972984036034  , 0.22043585449019437   ,          0.3125,         24525, 2.002503128911139   , -0.0004892966360856269 , 0.00436289500509684    ,      0.135 , 0.010094493700372817  ,             1,             0
amazon-office-products, IA-SASRec-Mul, recall@100,       5, -1.0606894481412916 , 0.22033128371792177   ,          0.3125,         24525, -1.0506987656839744 , -0.007503567787971457  , -0.0008144750254842054 ,      0.011 , -0.01582822049068087  ,             0,             1
amazon-office-products, IA-SASRec-Mul, recall@20 ,       5, 0.39103232533889143 , 0.6871809171948542    ,          0.8125,         24525, 0.3986181238373638  , -0.002162079510703364  , 0.0033027522935779817  ,      0.708 , 0.002798988734252691  ,             0,             0
amazon-office-products, IA-SASRec-Mul, recall@50 ,       5, -0.7546887842785579 , 0.4959431128553392    ,          0.4375,         24525, -0.7464960390006095 , -0.0050968399592252805 , 0.0011427115188583023  ,      0.224 , -0.007970676703787991 ,             0,             1
amazon-office-products, IA-SASRec-Val, mrr@10    ,       5, 1.8782383419689095  , 0.1485516362007354    ,          0.3125,         24525, 1.8396498539923005  , -0.0004686447259841755 , 0.0015623594323900135  ,      0.298 , 0.006928037443125028  ,             0,             0
amazon-office-products, IA-SASRec-Val, mrr@100   ,       5, 0.9990009990009998  , 0.24428005794116825   ,          0.3125,         24525, 0.9258189665970622  , -0.0005943063681669072 , 0.001300393507905852   ,      0.487 , 0.004785954218914108  ,             0,             0
amazon-office-products, IA-SASRec-Val, mrr@20    ,       5, 0.6924408540103824  , 0.4506541794159076    ,          0.4375,         24525, 0.7558850131946967  , -0.0007441686522671836 , 0.0012068672396780677  ,      0.654 , 0.003294866112081139  ,             0,             0
amazon-office-products, IA-SASRec-Val, mrr@50    ,       5, 0.8900523560209425  , 0.37203595505341924   ,          0.4375,         24525, 0.9258582829246107  , -0.0006189333909743754 , 0.001285299964930083   ,      0.514 , 0.004543370083846778  ,             0,             0
amazon-office-products, IA-SASRec-Val, ndcg@10   ,       5, -2.276632302405501  , 0.022297679881994797  ,          0.0625,         24525, -2.187060331317854  , -0.0023620894233822498 , 0.0002489159719033161  ,      0.114 , -0.009958671483215931 ,             0,             0
amazon-office-products, IA-SASRec-Val, ndcg@100  ,       5, -1.3987353899214383 , 0.04263834263469416   ,          0.0625,         24525, -1.3767324773184997 , -0.002534669024236408  , -0.00031871152166434725,      0.017 , -0.01615940593582795  ,             0,             1
amazon-office-products, IA-SASRec-Val, ndcg@20   ,       5, -3.6694214876033033 , 0.02373408270438829   ,          0.0625,         24525, -3.6800277492787767 , -0.0035285264999595878 , -0.0010343722178215882 ,      0.0005, -0.022373826210027124 ,             0,             2
amazon-office-products, IA-SASRec-Val, ndcg@50   ,       5, -1.9995181883883435 , 0.0679205719818677    ,          0.125 ,         24525, -1.9971549673267457 , -0.0028285413224695    , -0.0004995806159223833 ,      0.004 , -0.017820756615122262 ,             0,             1
amazon-office-products, IA-SASRec-Val, recall@10 ,       5, -6.119525173966431  , 0.004811799541620085  ,          0.0625,         24525, -6.132665832290362  , -0.009011213047910296  , -0.0031794087665647356 ,      0.0005, -0.02597243186480057  ,             0,             2
amazon-office-products, IA-SASRec-Val, recall@100,       5, -1.6760894581477979 , 0.04752677085070798   ,          0.0625,         24525, -1.6729572579822505 , -0.010764525993883792  , -0.0024862385321100973 ,      0.003 , -0.0204787133597248   ,             0,             1
amazon-office-products, IA-SASRec-Val, recall@20 ,       5, -7.155891553701778  , 0.018877151487599896  ,          0.0625,         24525, -7.14855168748339   , -0.014556574923547401  , -0.00762385321100918   ,      0.0005, -0.04064360032985925  ,             0,             4
amazon-office-products, IA-SASRec-Val, recall@50 ,       5, -3.033699469476203  , 0.04695530521797505   ,          0.0625,         24525, -3.0316879951249236 , -0.011906218144750255  , -0.004159021406727829  ,      0.0005, -0.02653390706657221  ,             0,             3
ml-100k-iar           , IA-SASRec-Add, mrr@10    ,       5, -6.104651162790701  , 0.3928693680076586    ,          0.4375,          4715, -6.109770697493233  , -0.006569406571394906  , 0.0012920475012203531  ,      0.195 , -0.01763360323292634  ,             0,             1
ml-100k-iar           , IA-SASRec-Add, mrr@100   ,       5, -4.7163120567375865 , 0.36979672983337475   ,          0.4375,          4715, -4.672594318232496  , -0.006433814123736277  , 0.000944056966938695   ,      0.167 , -0.01939867353751185  ,             0,             0
ml-100k-iar           , IA-SASRec-Add, mrr@20    ,       5, -5.395232120451694  , 0.3708152773687749    ,          0.4375,          4715, -5.432316538446438  , -0.006568024755415387  , 0.0010968307850167476  ,      0.173 , -0.01874848848084699  ,             0,             0
ml-100k-iar           , IA-SASRec-Add, mrr@50    ,       5, -5.2962962962962905 , 0.3456134023480134    ,          0.4375,          4715, -5.275150817467037  , -0.006686996187884246  , 0.0007809507565888144  ,      0.143 , -0.020902649975066485 ,             0,             0
ml-100k-iar           , IA-SASRec-Add, ndcg@10   ,       5, -5.40192926045016   , 0.3781742533049293    ,          0.625 ,          4715, -5.441519294901155  , -0.007971836160606588  , 0.0009159231210997672  ,      0.115 , -0.020835457036554653 ,             0,             1
ml-100k-iar           , IA-SASRec-Add, ndcg@100  ,       5, -1.9905709795704545 , 0.5520080544845396    ,          1.0   ,          4715, -1.979497450964476  , -0.006698120567448799  , 0.0004760284907171642  ,      0.087 , -0.023048658002058825 ,             0,             1
ml-100k-iar           , IA-SASRec-Add, ndcg@20   ,       5, -4.210039324543146  , 0.3856262496752651    ,          0.8125,          4715, -4.223870001672077  , -0.008211638026620853  , 0.00044283115779162057 ,      0.085 , -0.023820587603149704 ,             0,             1
ml-100k-iar           , IA-SASRec-Add, ndcg@50   ,       5, -4.446215139442229  , 0.35843599099645057   ,          0.625 ,          4715, -4.434109301195963  , -0.009640080574565493  , -0.0017093435322256152 ,      0.007 , -0.03946072896143808  ,             0,             1
ml-100k-iar           , IA-SASRec-Add, recall@10 ,       5, -4.3287422430755225 , 0.4317607785785607    ,          0.8125,          4715, -4.333868378812199  , -0.014634146341463415  , 0.003181336161187699   ,      0.217 , -0.017929745667313556 ,             0,             0
ml-100k-iar           , IA-SASRec-Add, recall@100,       5, -0.2118715318648086 , 0.9415721158402713    ,          0.8125,          4715, -0.21398002853067047, -0.01166489925768823   , 0.009331919406150583   ,      0.851 , -0.0034809412972355053,             1,             1
ml-100k-iar           , IA-SASRec-Add, recall@20 ,       5, -2.971248798392028  , 0.5182448879340043    ,          0.8125,          4715, -2.9657089898053752 , -0.016972428419936375  , 0.0029745493107104694  ,      0.192 , -0.018747577460349687 ,             0,             1
ml-100k-iar           , IA-SASRec-Add, recall@50 ,       5, -4.026059242594674  , 0.42663107552516644   ,          1.0   ,          4715, -4.025844930417496  , -0.02842523860021209   , -0.005726405090137858  ,      0.005 , -0.04366698161845793  ,             0,             1
ml-100k-iar           , IA-SASRec-Mul, mrr@10    ,       5, -2.5193798449612417 , 0.7517963393563621    ,          0.8125,          4715, -2.452718977469493  , -0.005192291992795705  , 0.0030605442778030246  ,      0.588 , -0.007095648324659893 ,             0,             1
ml-100k-iar           , IA-SASRec-Mul, mrr@100   ,       5, -2.1631205673758873 , 0.6918346845575623    ,          1.0   ,          4715, -2.162336935856043  , -0.005105268102550362  , 0.0026376865257561337  ,      0.494 , -0.009006467831929524 ,             0,             1
ml-100k-iar           , IA-SASRec-Mul, mrr@20    ,       5, -2.3839397741530726 , 0.7130037689854795    ,          1.0   ,          4715, -2.364086132138786  , -0.005056943442505625  , 0.002836541490281858   ,      0.527 , -0.008171984544485813 ,             0,             1
ml-100k-iar           , IA-SASRec-Mul, mrr@50    ,       5, -2.5185185185185186 , 0.6582251251994481    ,          1.0   ,          4715, -2.5269274223088614 , -0.005256718561297834  , 0.002468787954077755   ,      0.45  , -0.010050636041775555 ,             0,             1
ml-100k-iar           , IA-SASRec-Mul, ndcg@10   ,       5, -3.2475884244372963 , 0.6176292460241691    ,          0.8125,          4715, -3.2501612395823507 , -0.006720560205142249  , 0.002392050602522712   ,      0.374 , -0.012387191069297478 ,             0,             1
ml-100k-iar           , IA-SASRec-Mul, ndcg@100  ,       5, -1.6631744368779482 , 0.4618964624366373    ,          0.625 ,          4715, -1.6521039565240074 , -0.006225504262436672  , 0.0010094447765012899  ,      0.163 , -0.019616179059154703 ,             0,             1
ml-100k-iar           , IA-SASRec-Mul, ndcg@20   ,       5, -2.868378440897527  , 0.5173031626484813    ,          0.8125,          4715, -2.8713534658185393 , -0.006809256088953115  , 0.0016477660989629027  ,      0.232 , -0.016181510030120597 ,             0,             1
ml-100k-iar           , IA-SASRec-Mul, ndcg@50   ,       5, -3.3625498007968093 , 0.27266119427473023   ,          0.3125,          4715, -3.36362350487741   , -0.00815237486198371   , -0.00047062112676877387,      0.03  , -0.030619834795553882 ,             0,             1
ml-100k-iar           , IA-SASRec-Mul, recall@10 ,       5, -3.5265627364916    , 0.5041876361523911    ,          1.0   ,          4715, -3.5313001605136436 , -0.01357900318133616   , 0.0044591728525980616  ,      0.319 , -0.01418712502076264  ,             0,             1
ml-100k-iar           , IA-SASRec-Mul, recall@100,       5, -0.8945686900958452 , 0.4140536208405029    ,          0.625 ,          4715, -0.891583452211127  , -0.015270413573700955  , 0.004453870625662778   ,      0.288 , -0.015317215694649697 ,             0,             0
ml-100k-iar           , IA-SASRec-Mul, recall@20 ,       5, -2.875120160796995  , 0.41990360441668706   ,          0.8125,          4715, -2.8730305838739576 , -0.017815482502651112  , 0.002545068928950159   ,      0.187 , -0.018088469210119335 ,             0,             0
ml-100k-iar           , IA-SASRec-Mul, recall@50 ,       5, -3.7260967379077594 , 0.07468788009657851   ,          0.125 ,          4715, -3.7276341948310137 , -0.02672322375397667   , -0.004660657476140008  ,      0.004 , -0.042135882413809306 ,             0,             2
ml-100k-iar           , IA-SASRec-Val, mrr@10    ,       5, -13.081395348837207 , 0.08914187167290429   ,          0.0625,          4715, -12.993944684313895 , -0.008980411217155652  , -0.001882044387214059  ,      0.006 , -0.042299650967322105 ,             0,             2
ml-100k-iar           , IA-SASRec-Val, mrr@100   ,       5, -9.326241134751772  , 0.051415591610330935  ,          0.0625,          4715, -9.316066948009155  , -0.008658512962762809  , -0.0019214643463508047 ,      0.002 , -0.04381674662264071  ,             0,             2
ml-100k-iar           , IA-SASRec-Val, mrr@20    ,       5, -11.37599330823923  , 0.04471530717456189   ,          0.0625,          4715, -11.40368129371039  , -0.008940365092812942  , -0.002072174853997452  ,      0.003 , -0.04434426969680463  ,             0,             2
ml-100k-iar           , IA-SASRec-Val, mrr@50    ,       5, -10.111111111111104 , 0.04949167611979464   ,          0.0625,          4715, -10.065012470029872 , -0.008785863186767896  , -0.002094915696006162  ,      0.001 , -0.045129992342972554 ,             0,             2
ml-100k-iar           , IA-SASRec-Val, ndcg@10   ,       5, -8.199356913183276  , 0.13343663270814823   ,          0.1875,          4715, -8.229855941376812  , -0.009285767383636212  , -0.0009818340817203757 ,      0.013 , -0.03397005424891537  ,             0,             1
ml-100k-iar           , IA-SASRec-Val, ndcg@100  ,       5, -2.1870089051859636 , 0.07934199149045931   ,          0.0625,          4715, -2.1772295372222867 , -0.006823488076654055  , 0.00011027320755106263 ,      0.058 , -0.027584551594250058 ,             0,             1
ml-100k-iar           , IA-SASRec-Val, ndcg@20   ,       5, -6.407587323617858  , 0.014213651427049138  ,          0.0625,          4715, -6.416308344573041  , -0.009717010544189563  , -0.0016333614935204297 ,      0.008 , -0.0383275761934139   ,             0,             0
ml-100k-iar           , IA-SASRec-Val, ndcg@50   ,       5, -4.302788844621511  , 0.053527192554604947  ,          0.0625,          4715, -4.311561336728442  , -0.009285025541551598  , -0.0018220946554120241 ,      0.003 , -0.04111354819629483  ,             0,             1
ml-100k-iar           , IA-SASRec-Val, recall@10 ,       5, -3.2087180263357022 , 0.41784202629861417   ,          0.4375,          4715, -3.210272873194222  , -0.013154825026511135  , 0.004878048780487805   ,      0.355 , -0.013321946406439864 ,             0,             0
ml-100k-iar           , IA-SASRec-Val, recall@100,       5, 1.24768790987052    , 0.4402275210938427    ,          0.625 ,          4715, 1.2482168330955776  , -0.003181336161187699  , 0.017608695652173885   ,      0.157 , 0.020358105638927634  ,             1,             0
ml-100k-iar           , IA-SASRec-Val, recall@20 ,       5, -2.691601852661015  , 0.4199265015921027    ,          0.4375,          4715, -2.6876737720111215 , -0.017179215270413575  , 0.004029692470837752   ,      0.253 , -0.01673409329267595  ,             0,             0
ml-100k-iar           , IA-SASRec-Val, recall@50 ,       5, -1.2889013873265853 , 0.5838527590245653    ,          0.8125,          4715, -1.2922465208747516 , -0.016755037115588546  , 0.005938494167550371   ,      0.359 , -0.01397593362928355  ,             0,             1
ml-1m                 , IA-SASRec-Add, mrr@10    ,       5, 1.4449860724234007  , 0.34092357173888826   ,          0.4375,         30200, 1.4429053266219931  , -0.00035372352307368833, 0.003654788184589509   ,      0.106 , 0.009393570697898007  ,             1,             0
ml-1m                 , IA-SASRec-Add, mrr@100   ,       5, 1.1910286156225807  , 0.33724178144638534   ,          0.4375,         30200, 1.1892736848761594  , -0.00045340546926756116, 0.003506322334895749   ,      0.118 , 0.008989972229041882  ,             1,             0
ml-1m                 , IA-SASRec-Add, mrr@20    ,       5, 1.1572942135289361  , 0.39726064155989177   ,          0.4375,         30200, 1.1594752955132601  , -0.0006066080991571917 , 0.003422897827184747   ,      0.15  , 0.008247925057076728  ,             1,             0
ml-1m                 , IA-SASRec-Add, mrr@50    ,       5, 1.2219959266802445  , 0.322060737052956     ,          0.4375,         30200, 1.2277414840476486  , -0.00040496628079652735, 0.003568557652358408   ,      0.116 , 0.009154348631756322  ,             1,             0
ml-1m                 , IA-SASRec-Add, ndcg@10   ,       5, 0.9711286089238904  , 0.47811685304941487   ,          0.625 ,         30200, 0.967253900015856   , -0.0005455981472910055 , 0.0034092666882671397  ,      0.156 , 0.008470893116228445  ,             1,             0
ml-1m                 , IA-SASRec-Add, ndcg@100  ,       5, 0.5122861856386202  , 0.4577225626802592    ,          0.625 ,         30200, 0.5151332976673302  , -0.0004709687670113111 , 0.0027533407848366878  ,      0.153 , 0.008261891704743257  ,             1,             0
ml-1m                 , IA-SASRec-Add, ndcg@20   ,       5, 0.30939226519336677 , 0.7692134244635993    ,          1.0   ,         30200, 0.3168603874680783  , -0.00131052161780148   , 0.0023979628880017676  ,      0.54  , 0.003578685050158988  ,             1,             1
ml-1m                 , IA-SASRec-Add, ndcg@50   ,       5, 0.746480204100913   , 0.24786379502486497   ,          0.3125,         30200, 0.7362655124554508  , -1.0629461342309057e-05, 0.0032336864701516745  ,      0.055 , 0.010520421914396585  ,             1,             0
ml-1m                 , IA-SASRec-Add, recall@10 ,       5, 0.3483561942085802  , 0.7942947427865165    ,          0.8125,         30200, 0.3484320557491289  , -0.0026490066225165563 , 0.004271523178807947   ,      0.623 , 0.003107900542659006  ,             1,             1
ml-1m                 , IA-SASRec-Add, recall@100,       5, 0.018235419262679204, 0.9417643652557913    ,          1.0   ,         30200, 0.015095099124484252, -0.002880794701986755  , 0.0030471854304635715  ,      0.997 , 0.0003748351320221794 ,             0,             0
ml-1m                 , IA-SASRec-Add, recall@20 ,       5, -0.683628887175535  , 0.4155965304339704    ,          0.4375,         30200, -0.6893030380393158 , -0.006125827814569536  , 0.0008278145695364238  ,      0.141 , -0.008474757174072794 ,             0,             1
ml-1m                 , IA-SASRec-Add, recall@50 ,       5, 0.4492065245406675  , 0.43632582886632726   ,          0.4375,         30200, 0.4511094854913436  , -0.0009602649006622517 , 0.005629139072847682   ,      0.144 , 0.008496242807332044  ,             1,             0
ml-1m                 , IA-SASRec-Mul, mrr@10    ,       5, 0.4178272980501464  , 0.7040999493918709    ,          0.625 ,         30200, 0.4168530408896371  , -0.0015048811494796598 , 0.0024191123331230935  ,      0.625 , 0.0027148628575177198 ,             0,             0
ml-1m                 , IA-SASRec-Mul, mrr@100   ,       5, 0.3093580819798877  , 0.7408470564612218    ,          0.625 ,         30200, 0.3124600728608715  , -0.0015443728916690557 , 0.0023315482600961353  ,      0.686 , 0.002365609823856067  ,             0,             0
ml-1m                 , IA-SASRec-Mul, mrr@20    ,       5, 0.21189894050529903 , 0.8377158676767976    ,          0.8125,         30200, 0.23268273634314157 , -0.0016766126600150425 , 0.002183069538554323   ,      0.774 , 0.0016560186381335007 ,             0,             0
ml-1m                 , IA-SASRec-Mul, mrr@50    ,       5, 0.3446655177816129  , 0.7202837814348699    ,          0.625 ,         30200, 0.33538548726240824 , -0.001517425927988269  , 0.002355199290875339   ,      0.667 , 0.002504103026976986  ,             0,             0
ml-1m                 , IA-SASRec-Mul, ndcg@10   ,       5, -0.15748031496062714, 0.8431311131644668    ,          0.8125,         30200, -0.1555136132389272 , -0.0022449265816609993 , 0.0016807574672805118  ,      0.791 , -0.0013450067475326679,             0,             0
ml-1m                 , IA-SASRec-Mul, ndcg@100  ,       5, -0.2865329512894029 , 0.46233134468893544   ,          0.4375,         30200, -0.2760807445852808 , -0.002329178786827024  , 0.0009891585141395649  ,      0.426 , -0.004397616506182427 ,             0,             0
ml-1m                 , IA-SASRec-Mul, ndcg@20   ,       5, -0.596685082872933  , 0.38553977683856877   ,          0.4375,         30200, -0.5979730301098065 , -0.002954530138445171  , 0.0007188672372877713  ,      0.229 , -0.006661729309260403 ,             0,             0
ml-1m                 , IA-SASRec-Mul, ndcg@50   ,       5, -0.1228385145988872 , 0.8069081453414456    ,          1.0   ,         30200, -0.1277044691896622 , -0.0019509214835836584 , 0.0013474693758836617  ,      0.737 , -0.0018055323180412957,             0,             0
ml-1m                 , IA-SASRec-Mul, recall@10 ,       5, -0.8563756440960907 , 0.4117084312083603    ,          0.4375,         30200, -0.8530577916616603 , -0.005960264900662252  , 0.0011597682119205254  ,      0.179 , -0.007353449495902894 ,             0,             1
ml-1m                 , IA-SASRec-Mul, recall@100,       5, -0.677749749262988  , 0.0036292115432166342 ,          0.0625,         30200, -0.6792794606017912 , -0.0076158940397350995 , -0.0014230132450331172 ,      0.005 , -0.016246033000275502 ,             0,             0
ml-1m                 , IA-SASRec-Mul, recall@20 ,       5, -1.5317399126188636 , 0.04379716359453594   ,          0.0625,         30200, -1.5402944430261256 , -0.009702814569536424  , -0.002383278145695369  ,      0.0005, -0.018406151830101927 ,             0,             2
ml-1m                 , IA-SASRec-Mul, recall@50 ,       5, -0.3755661106815416 , 0.46411530252094707   ,          0.625 ,         30200, -0.3779565959522068 , -0.005596854304635761  , 0.0011920529801324503  ,      0.219 , -0.006863546570182579 ,             0,             1
ml-1m                 , IA-SASRec-Val, mrr@10    ,       5, 1.7409470752089171  , 0.24628720286043712   ,          0.3125,         30200, 1.7317219926005385  , 3.963950646483768e-05  , 0.003764433538315987   ,      0.047 , 0.011682201069674375  ,             2,             0
ml-1m                 , IA-SASRec-Val, mrr@100   ,       5, 1.3457076566125221  , 0.29735157086080866   ,          0.3125,         30200, 1.3285856544268135  , -0.0001991250785494829 , 0.0034518305586434903  ,      0.074 , 0.010416317976520012  ,             2,             0
ml-1m                 , IA-SASRec-Val, mrr@20    ,       5, 1.3691931540342284  , 0.346377327698979     ,          0.4375,         30200, 1.3834092257488644  , -0.00026712121843883407, 0.0034385735568134438  ,      0.08  , 0.010196545723866664  ,             2,             0
ml-1m                 , IA-SASRec-Val, mrr@50    ,       5, 1.3786620711264301  , 0.29494004992960804   ,          0.3125,         30200, 1.363482774002518   , -0.00018938728118372334, 0.0034780074077701067  ,      0.073 , 0.010542889707868831  ,             2,             0
ml-1m                 , IA-SASRec-Val, ndcg@10   ,       5, 1.0629921259842514  , 0.35170324908618716   ,          0.4375,         30200, 1.0565801435523974  , -0.00038887124419979385, 0.0034330533899375112  ,      0.097 , 0.009457733318522734  ,             2,             0
ml-1m                 , IA-SASRec-Val, ndcg@100  ,       5, 0.18233915082052057 , 0.751846547227713     ,          0.625 ,         30200, 0.1941412551565592  , -0.0011311142369823314 , 0.0019926272867069484  ,      0.594 , 0.0032027509484648005 ,             1,             0
ml-1m                 , IA-SASRec-Val, ndcg@20   ,       5, 0.3093922651933699  , 0.7743003091240862    ,          0.8125,         30200, 0.3046721334256564  , -0.0013005479411405847 , 0.0022499106861923702  ,      0.558 , 0.003504114405237734  ,             2,             0
ml-1m                 , IA-SASRec-Val, ndcg@50   ,       5, 0.3496173107814401  , 0.5834975628641401    ,          0.8125,         30200, 0.3411846894741011  , -0.0008769850791568517 , 0.0022622984437996067  ,      0.379 , 0.00500994366332829   ,             2,             0
ml-1m                 , IA-SASRec-Val, recall@10 ,       5, 0.12337615211554066 , 0.9029358693784295    ,          0.8125,         30200, 0.1201489847410789  , -0.0032781456953642385 , 0.0037102649006622427  ,      0.855 , 0.001058011763301257  ,             0,             1
ml-1m                 , IA-SASRec-Val, recall@100,       5, -0.7415737166823686 , 0.0012065781508284734 ,          0.0625,         30200, -0.7446915568078898 , -0.00804635761589404   , -0.0019197019867549714 ,      0.002 , -0.018102284808277105 ,             0,             0
ml-1m                 , IA-SASRec-Val, recall@20 ,       5, -0.9868928296067846 , 0.3070488784302409    ,          0.3125,         30200, -0.9871500297846992 , -0.007517384105960264  , -0.00026407284768212373,      0.036 , -0.011912785402533176 ,             0,             2
ml-1m                 , IA-SASRec-Val, recall@50 ,       5, -0.5817592694870918 , 0.19968930516102606   ,          0.1875,         30200, -0.5852231163130943 , -0.006557119205298013  , -6.539735099338201e-05 ,      0.046 , -0.011044432498865511 ,             0,             1
steam-15k             , IA-SASRec-Add, mrr@10    ,       5, -3.618906942392911  , 0.056197942579593256  ,          0.0625,         71505, -3.607468807230797  , -0.0015387878026067662 , -0.00039643303887063096,      0.001 , -0.012378907051027269 ,             0,             2
steam-15k             , IA-SASRec-Add, mrr@100   ,       5, -2.9850746268656736 , 0.03916750900470474   ,          0.0625,         71505, -2.9076451726901964 , -0.0015743987499030187 , -0.00044360813969545514,      0.0005, -0.013447160760722818 ,             0,             2
steam-15k             , IA-SASRec-Add, mrr@20    ,       5, -3.3420707732634356 , 0.04499541924512445   ,          0.0625,         71505, -3.2263845489406333 , -0.0015396705966898455 , -0.0004079569198963878 ,      0.0005, -0.01284365834375228  ,             0,             2
steam-15k             , IA-SASRec-Add, mrr@50    ,       5, -2.9958058717795115 , 0.04470858727968041   ,          0.0625,         71505, -3.0436734948553044 , -0.0015837142713389337 , -0.0004549486054725388 ,      0.0005, -0.013461689071146383 ,             0,             2
steam-15k             , IA-SASRec-Add, ndcg@10   ,       5, -2.5037556334501745 , 0.08845707472568118   ,          0.125 ,         71505, -2.584411972091356  , -0.00168584614712673   , -0.00037028209529175126,      0.005 , -0.011450724275379917 ,             0,             2
steam-15k             , IA-SASRec-Add, ndcg@100  ,       5, -1.4668805867522352 , 0.007462960017912195  ,          0.0625,         71505, -1.4741733429277968 , -0.0018825008654477162 , -0.0007180394598160145 ,      0.0005, -0.016384468083926712 ,             0,             3
steam-15k             , IA-SASRec-Add, ndcg@20   ,       5, -2.169775409212031  , 0.06362171443143756   ,          0.125 ,         71505, -2.1406754694399623 , -0.0017642204451704874 , -0.0004956654435561893 ,      0.002 , -0.01313405695321664  ,             0,             2
steam-15k             , IA-SASRec-Add, ndcg@50   ,       5, -1.9160326852634506 , 0.015667877400828572  ,          0.0625,         71505, -1.893217086720338  , -0.0019318404318463612 , -0.000755598523435249  ,      0.0005, -0.01654004168258563  ,             0,             3
steam-15k             , IA-SASRec-Add, recall@10 ,       5, -1.4237451737451743 , 0.17162060768944504   ,          0.1875,         71505, -1.4509870086046905 , -0.0026291867701559333 , 0.0002377456121949514  ,      0.106 , -0.006132944428857151 ,             0,             0
steam-15k             , IA-SASRec-Add, recall@100,       5, -0.757807248059648  , 0.09592390913672381   ,          0.125 ,         71505, -0.752136752136752  , -0.00447556114956996   , -0.0003356408642752255 ,      0.016 , -0.008759668080269425 ,             0,             1
steam-15k             , IA-SASRec-Add, recall@20 ,       5, -1.278772378516625  , 0.1180398072808198    ,          0.1875,         71505, -1.2835349815886379 , -0.003370393678763723  , -4.195510803440319e-05 ,      0.043 , -0.0076748183659437075,             0,             0
steam-15k             , IA-SASRec-Add, recall@50 ,       5, -1.2451430589897565 , 0.06284520159415982   ,          0.0625,         71505, -1.2534732942266134 , -0.004811202013845186  , -0.0010069225928256765 ,      0.003 , -0.010982026014330609 ,             0,             1
steam-15k             , IA-SASRec-Mul, mrr@10    ,       5, -5.686853766617431  , 0.029259644129653817  ,          0.0625,         71505, -5.665308460804293  , -0.002104940630192361  , -0.0009347070856405871 ,      0.0005, -0.018889509684719624 ,             0,             3
steam-15k             , IA-SASRec-Mul, mrr@100   ,       5, -4.477611940298509  , 0.022143142019784356  ,          0.0625,         71505, -4.433000016472373  , -0.0020898893310609557 , -0.0009772102503373583 ,      0.0005, -0.019888703035466467 ,             0,             3
steam-15k             , IA-SASRec-Mul, mrr@20    ,       5, -4.980340760157275  , 0.033073272100004145  ,          0.0625,         71505, -4.898610143105663  , -0.0020287675640796718 , -0.0009094816598685759 ,      0.0005, -0.018926615963264108 ,             0,             3
steam-15k             , IA-SASRec-Mul, mrr@50    ,       5, -4.553624925104851  , 0.024436109917608837  ,          0.0625,         71505, -4.635141108561159  , -0.0020937904190828378 , -0.0009825432922869787 ,      0.0005, -0.01988813057940936  ,             0,             3
steam-15k             , IA-SASRec-Mul, ndcg@10   ,       5, -5.0075112669003525 , 0.008682115976578288  ,          0.0625,         71505, -5.07934072064454   , -0.002678551325132319  , -0.0013456908391405932 ,      0.0005, -0.022132226969177105 ,             0,             3
steam-15k             , IA-SASRec-Mul, ndcg@100  ,       5, -2.704561081824434  , 0.003128911495544208  ,          0.0625,         71505, -2.706108950642079  , -0.0029418649530566837 , -0.0017534933963606904 ,      0.0005, -0.029572110663219776 ,             0,             4
steam-15k             , IA-SASRec-Mul, ndcg@20   ,       5, -3.7304910544347147 , 0.017088302651447906  ,          0.0625,         71505, -3.697216768621283  , -0.0025766735361703714 , -0.0012949694226490121 ,      0.0005, -0.022258061905750325 ,             0,             2
steam-15k             , IA-SASRec-Mul, ndcg@50   ,       5, -3.353057199211044  , 0.0010250940188073127 ,          0.0625,         71505, -3.3562227159265885 , -0.0029884871654349693 , -0.0017613290695701403 ,      0.0005, -0.02874952575743143  ,             0,             5
steam-15k             , IA-SASRec-Mul, recall@10 ,       5, -4.464285714285715  , 0.0032806628456669065 ,          0.0625,         71505, -4.454192677577189  , -0.005119222431997762  , -0.002293545905880708  ,      0.0005, -0.01874803556324661  ,             0,             3
steam-15k             , IA-SASRec-Mul, recall@100,       5, -1.7784024934303078 , 0.0348312648968519    ,          0.0625,         71505, -1.7735042735042734 , -0.007873924900356618  , -0.0037056849171386635 ,      0.0005, -0.020612908553043856 ,             0,             3
steam-15k             , IA-SASRec-Mul, recall@20 ,       5, -2.617722280728148  , 0.045117209860873884  ,          0.125 ,         71505, -2.609153077327723  , -0.005104887770086008  , -0.0018460247535137403 ,      0.0005, -0.015437557287618775 ,             0,             3
steam-15k             , IA-SASRec-Mul, recall@50 ,       5, -2.5962557400211943 , 0.01461900078160708   ,          0.0625,         71505, -2.5933930225378203 , -0.007901545346479267  , -0.00397140060135655   ,      0.0005, -0.022531016129165443 ,             0,             2
steam-15k             , IA-SASRec-Val, mrr@10    ,       5, -7.311669128508126  , 0.03179671247840679   ,          0.125 ,         71505, -7.329947312321917  , -0.0026256362636423477 , -0.0013736253597539526 ,      0.0005, -0.02298868658932831  ,             0,             3
steam-15k             , IA-SASRec-Val, mrr@100   ,       5, -5.740528128587832  , 0.03294899312002022   ,          0.125 ,         71505, -5.6463084435863    , -0.0025616860407403027 , -0.0013702166332991439 ,      0.0005, -0.023789955787623968 ,             0,             3
steam-15k             , IA-SASRec-Val, mrr@20    ,       5, -6.684141546526867  , 0.031571852850305664  ,          0.125 ,         71505, -6.6025362453600716 , -0.002606169077501066  , -0.0013898172773540857 ,      0.0005, -0.023979260479282085 ,             0,             4
steam-15k             , IA-SASRec-Val, mrr@50    ,       5, -5.8717795086878395 , 0.03457335966457242   ,          0.125 ,         71505, -5.897226617331732  , -0.0025609265501348316 , -0.0013609233472321668 ,      0.0005, -0.023769623050495913 ,             0,             3
steam-15k             , IA-SASRec-Val, ndcg@10   ,       5, -6.2093139709564324 , 0.00523769378864146   ,          0.0625,         71505, -6.242522645906376  , -0.003208308615959724  , -0.0017965003372108098 ,      0.0005, -0.025859532677498964 ,             0,             4
steam-15k             , IA-SASRec-Val, ndcg@100  ,       5, -2.819161127664449  , 0.011692298685081749  ,          0.0625,         71505, -2.801228705611549  , -0.0030651134397989676 , -0.0018145172133950066 ,      0.0005, -0.028809579846662506 ,             0,             4
steam-15k             , IA-SASRec-Val, ndcg@20   ,       5, -5.024743052912066  , 0.010468186491520606  ,          0.0625,         71505, -5.015937400856033  , -0.003261595263436056  , -0.0019626360573285133 ,      0.0005, -0.02865649038787613  ,             0,             4
steam-15k             , IA-SASRec-Val, ndcg@50   ,       5, -3.493941955480415  , 0.00794691464743826   ,          0.0625,         71505, -3.482546378113025  , -0.0030745577334272784 , -0.0018531012159536178 ,      0.0005, -0.028275559509515893 ,             0,             4
steam-15k             , IA-SASRec-Val, recall@10 ,       5, -5.067567567567566  , 3.2427246996062264e-06,          0.0625,         71505, -5.078454530116416  , -0.005691909656667366  , -0.002741067058247675  ,      0.0005, -0.020817395957070172 ,             0,             5
steam-15k             , IA-SASRec-Val, recall@100,       5, -1.2528264988082916 , 0.04922976405696093   ,          0.0625,         71505, -1.2478632478632476 , -0.006335570939095168  , -0.0018876302356478588 ,      0.0005, -0.013835955345382551 ,             0,             1
steam-15k             , IA-SASRec-Val, recall@20 ,       5, -3.6557845644651707 , 0.0025041975105699415 ,          0.0625,         71505, -3.6401893740136777 , -0.006572966925389833  , -0.003104677994545836  ,      0.0005, -0.020766287831703787 ,             0,             3
steam-15k             , IA-SASRec-Val, recall@50 ,       5, -1.854468385729423  , 0.029738253276180505  ,          0.0625,         71505, -1.8647730781105278 , -0.0062932662051604785 , -0.002293196279980423  ,      0.0005, -0.015663445441474612 ,             0,             1
steam-3k              , IA-SASRec-Add, mrr@10    ,       5, -6.133979015334944  , 0.12245863182589091   ,          0.125 ,         12525, -5.979526759367153  , -0.002233152742134778  , -0.000680539714222349  ,      0.0005, -0.03448147389364899  ,             0,             2
steam-3k              , IA-SASRec-Add, mrr@100   ,       5, -3.921568627450984  , 0.14814814814814806   ,          0.1875,         12525, -3.935518925245735  , -0.0019215831175515667 , -0.00048680157814908647,      0.001 , -0.029959719094282578 ,             0,             2
steam-3k              , IA-SASRec-Add, mrr@20    ,       5, -4.354243542435426  , 0.12752739789122539   ,          0.125 ,         12525, -4.503610621150872  , -0.0019449101837734789 , -0.0004917594956308553 ,      0.001 , -0.029481509063933688 ,             0,             2
steam-3k              , IA-SASRec-Add, mrr@50    ,       5, -4.12162162162162   , 0.13027375398692173   ,          0.1875,         12525, -4.099373614192502  , -0.0019294509100581882 , -0.00048315324617399547,      0.0005, -0.030105394069364636 ,             0,             2
steam-3k              , IA-SASRec-Add, ndcg@10   ,       5, -6.85714285714286   , 0.11380978541643472   ,          0.125 ,         12525, -6.8154880659830095 , -0.003359249217401058  , -0.0013871740180773084 ,      0.0005, -0.04190201123851082  ,             0,             2
steam-3k              , IA-SASRec-Add, ndcg@100  ,       5, -1.6124469589816153 , 0.2092738063056297    ,          0.3125,         12525, -1.635894760517163  , -0.0020391658464653287 , -0.000199965081881769  ,      0.015 , -0.022626343178260115 ,             0,             1
steam-3k              , IA-SASRec-Add, ndcg@20   ,       5, -3.3363802559414966 , 0.10802124607336386   ,          0.1875,         12525, -3.339324939506684  , -0.002496132676432855  , -0.00046185076751052923,      0.006 , -0.0261217617194034   ,             0,             2
steam-3k              , IA-SASRec-Add, ndcg@50   ,       5, -2.201151371486628  , 0.132627448493631     ,          0.125 ,         12525, -2.201144942641242  , -0.002149736966113687  , -0.00044460415196274976,      0.002 , -0.02697296485566034  ,             0,             1
steam-3k              , IA-SASRec-Add, recall@10 ,       5, -7.7661431064572515 , 0.15814046600082046   ,          0.125 ,         12525, -7.781649245063879  , -0.007984031936127744  , -0.0027924151696606895 ,      0.0005, -0.03652430556888838  ,             0,             2
steam-3k              , IA-SASRec-Add, recall@100,       5, 0.09485416172633968 , 0.8262847141678649    ,          0.625 ,         12525, 0.09466708740927737 , -0.003834331337325349  , 0.004151696606786427   ,      0.934 , 0.0010410186758089991 ,             0,             0
steam-3k              , IA-SASRec-Add, recall@20 ,       5, -1.692958830319351  , 0.5597291776749904    ,          0.8125,         12525, -1.6897081413210442 , -0.004870259481037924  , 0.0012774451097804392  ,      0.263 , -0.010031657974748079 ,             1,             1
steam-3k              , IA-SASRec-Add, recall@50 ,       5, -0.39893617021276506, 0.7128330335939499    ,          0.625 ,         12525, -0.3980539584254754 , -0.0036726546906187623 , 0.0023173652694610672  ,      0.665 , -0.004186267027525165 ,             0,             0
steam-3k              , IA-SASRec-Mul, mrr@10    ,       5, -10.734463276836156 , 0.03743162190198414   ,          0.0625,         12525, -10.771411139151779 , -0.0035411811298038847 , -0.001843913759782024  ,      0.0005, -0.05455541793054387  ,             0,             3
steam-3k              , IA-SASRec-Mul, mrr@100   ,       5, -8.692810457516345  , 0.026132986954442796  ,          0.0625,         12525, -8.620589355224958  , -0.003477038000216068  , -0.0018363678065800833 ,      0.0005, -0.05768024119292859  ,             0,             4
steam-3k              , IA-SASRec-Mul, mrr@20    ,       5, -9.225092250922506  , 0.021240089007394488  ,          0.0625,         12525, -9.330869559775685  , -0.0034150131079804242 , -0.0017002461227579883 ,      0.0005, -0.0537815417571344   ,             0,             4
steam-3k              , IA-SASRec-Mul, mrr@50    ,       5, -9.054054054054053  , 0.024164073833106946  ,          0.0625,         12525, -9.069981689532671  , -0.003532233122412938  , -0.0019045864022428263 ,      0.0005, -0.058495806796645546 ,             0,             4
steam-3k              , IA-SASRec-Mul, ndcg@10   ,       5, -9.485714285714286  , 0.02718350612190366   ,          0.0625,         12525, -9.52947553591517   , -0.004499058406643952  , -0.002223444050878804  ,      0.0005, -0.05106953248298544  ,             0,             3
steam-3k              , IA-SASRec-Mul, ndcg@100  ,       5, -4.413012729844417  , 0.029649720667024697  ,          0.0625,         12525, -4.393763345949857  , -0.004153552624113928  , -0.0021485927128379865 ,      0.0005, -0.05463646096490686  ,             0,             4
steam-3k              , IA-SASRec-Mul, ndcg@20   ,       5, -6.718464351005481  , 0.0026082816918128002 ,          0.0625,         12525, -6.77029069430651   , -0.004070122078047177  , -0.0018551803408657721 ,      0.0005, -0.047263950974087365 ,             0,             3
steam-3k              , IA-SASRec-Mul, ndcg@50   ,       5, -5.926176769387067  , 0.030474093543711972  ,          0.0625,         12525, -5.8930501479604755 , -0.00445790726189644   , -0.0025357135925094007 ,      0.0005, -0.06250477736419591  ,             0,             3
steam-3k              , IA-SASRec-Mul, recall@10 ,       5, -7.649796393251895  , 0.07999574437978896   ,          0.0625,         12525, -7.665505226480835  , -0.008303393213572855  , -0.0024730538922155794 ,      0.0005, -0.03162752660557644  ,             0,             1
steam-3k              , IA-SASRec-Mul, recall@100,       5, -1.4860485337127551 , 0.3467741418514159    ,          0.625 ,         12525, -1.4831177027453457 , -0.007904191616766467  , 0.000718562874251497   ,      0.103 , -0.015264912189214325 ,             0,             1
steam-3k              , IA-SASRec-Mul, recall@20 ,       5, -3.924586379376678  , 0.3297307195887229    ,          0.4375,         12525, -3.9170506912442393 , -0.007345309381237525  , -0.0007165668662674759 ,      0.018 , -0.02132085256342472  ,             0,             2
steam-3k              , IA-SASRec-Mul, recall@50 ,       5, -3.1693262411347503 , 0.2479195200962424    ,          0.3125,         12525, -3.1844316674038033 , -0.009023952095808384  , -0.002315369261477046  ,      0.001 , -0.02937602263687341  ,             0,             2
steam-3k              , IA-SASRec-Val, mrr@10    ,       5, -12.510088781275218 , 0.06116989856116084   ,          0.125 ,         12525, -12.41581937091408  , -0.004235716661914267  , -0.0019749667332002664 ,      0.0005, -0.04809588547295195  ,             0,             3
steam-3k              , IA-SASRec-Val, mrr@100   ,       5, -9.215686274509807  , 0.04396952256741208   ,          0.0625,         12525, -9.221566362641456  , -0.0039367586401450536 , -0.001762226283293068  ,      0.0005, -0.04646394291045563  ,             0,             3
steam-3k              , IA-SASRec-Val, mrr@20    ,       5, -10.922509225092252 , 0.03597544044338176   ,          0.0625,         12525, -10.939497498004789 , -0.0040929202744146385 , -0.0019004404144084565 ,      0.0005, -0.04748561627981773  ,             0,             3
steam-3k              , IA-SASRec-Val, mrr@50    ,       5, -9.864864864864865  , 0.04497690983561141   ,          0.125 ,         12525, -9.93753451401497   , -0.0040331532359940145 , -0.001897002432634631  ,      0.0005, -0.04827251196713813  ,             0,             3
steam-3k              , IA-SASRec-Val, ndcg@10   ,       5, -8.857142857142861  , 0.06255877906400263   ,          0.125 ,         12525, -8.804860612691536  , -0.004567423686930323  , -0.00171957142619516   ,      0.0005, -0.03825853340990817  ,             0,             1
steam-3k              , IA-SASRec-Val, ndcg@100  ,       5, -1.1032531824611072 , 0.4965983310357394    ,          0.625 ,         12525, -1.114715776467447  , -0.0021378567364142916 , 0.000473567485173064   ,      0.209 , -0.010862763493146457 ,             0,             1
steam-3k              , IA-SASRec-Val, ndcg@20   ,       5, -6.215722120658133  , 0.07103679967945795   ,          0.0625,         12525, -6.2710854835190135 , -0.0041442087357712555 , -0.0013531150189262148 ,      0.0005, -0.03398153032090366  ,             0,             2
steam-3k              , IA-SASRec-Val, ndcg@50   ,       5, -3.691161530646804  , 0.11144303186444728   ,          0.125 ,         12525, -3.659102777283378  , -0.003452697647299424  , -0.0009598756725541203 ,      0.0005, -0.02969874709245905  ,             0,             2
steam-3k              , IA-SASRec-Val, recall@10 ,       5, -4.043048283885986  , 0.5123132383986158    ,          0.8125,         12525, -4.0650406504065035 , -0.006227544910179641  , 0.0003992015968063872  ,      0.097 , -0.01469466285135713  ,             0,             1
steam-3k              , IA-SASRec-Val, recall@100,       5, 4.228914710299578   , 0.14730130522218066   ,          0.125 ,         12525, 4.22846323761439    , 0.005826347305389222   , 0.015568862275449102   ,      0.0005, 0.03729585833551413   ,             2,             0
steam-3k              , IA-SASRec-Val, recall@20 ,       5, -1.5390534821085016 , 0.8243134618531133    ,          1.0   ,         12525, -1.5360983102918584 , -0.005668662674650699  , 0.0023173652694610672  ,      0.401 , -0.006977220410611876 ,             2,             3
steam-3k              , IA-SASRec-Val, recall@50 ,       5, 1.2522163120567442  , 0.6830517298511128    ,          0.625 ,         12525, 1.2383900928792566  , -0.001996007984031936  , 0.006227544910179641   ,      0.309 , 0.009234689873625497  ,             2,             2
steam-8k              , IA-SASRec-Add, mrr@10    ,       5, -2.5326797385620905 , 0.6003891395655621    ,          0.625 ,         37025, -2.466309746138887  , -0.0014187188514838752 , 0.0002533176853906086  ,      0.169 , -0.0071353548586786004,             1,             1
steam-8k              , IA-SASRec-Add, mrr@100   ,       5, -2.0087884494664165 , 0.6216608096170204    ,          0.625 ,         37025, -1.9822151428735235 , -0.0014301764428845396 , 0.00019035532902396906 ,      0.128 , -0.007805045738523391 ,             1,             2
steam-8k              , IA-SASRec-Add, mrr@20    ,       5, -2.5955299206921407 , 0.5728601617946213    ,          0.625 ,         37025, -2.599505161941743  , -0.0015376849280161983 , 0.00010447473454852249 ,      0.087 , -0.008758908157435387 ,             1,             2
steam-8k              , IA-SASRec-Add, mrr@50    ,       5, -2.032786885245903  , 0.624159641545564     ,          0.625 ,         37025, -1.9813157668357295 , -0.0013932651720236383 , 0.000227348515775524   ,      0.15  , -0.007438109448534518 ,             1,             1
steam-8k              , IA-SASRec-Add, ndcg@10   ,       5, -1.3758943313153484 , 0.6181855606782465    ,          0.625 ,         37025, -1.3679330648223487 , -0.0014257686976431084 , 0.00048215055970529566 ,      0.3   , -0.005237348285790442 ,             1,             1
steam-8k              , IA-SASRec-Add, ndcg@100  ,       5, -0.6844292349058902 , 0.7014699942712928    ,          0.625 ,         37025, -0.6473000471397057 , -0.0014246780102779345 , 0.00030199540879501785 ,      0.233 , -0.0062643501583582615,             1,             1
steam-8k              , IA-SASRec-Add, ndcg@20   ,       5, -1.8602728400165316 , 0.49705488819381843   ,          0.4375,         37025, -1.878997207585592  , -0.0018313983332103219 , -3.1387942541850136e-06,      0.05  , -0.010023999079581946 ,             1,             1
steam-8k              , IA-SASRec-Add, ndcg@50   ,       5, -0.3039513677811553 , 0.8729402354849567    ,          0.625 ,         37025, -0.3201324596731156 , -0.001073052582861487  , 0.0006574429146659446  ,      0.653 , -0.0024060170237405897,             1,             1
steam-8k              , IA-SASRec-Add, recall@10 ,       5, -0.10534632604687849, 0.9212207679041349    ,          1.0   ,         37025, -0.1422475106685633 , -0.0021336934503713707 , 0.0018642808912896654  ,      0.931 , -0.0005466665632709941,             0,             0
steam-8k              , IA-SASRec-Add, recall@100,       5, -0.05783318339545122, 0.9588977807431401    ,          1.0   ,         37025, -0.06942034015966679, -0.0032680621201890614 , 0.002620526671168126   ,      0.864 , -0.0007310830192192352,             2,             2
steam-8k              , IA-SASRec-Add, recall@20 ,       5, -1.3559322033898293 , 0.29414900605171      ,          0.4375,         37025, -1.3731473408892765 , -0.003916272788656313  , 0.000513166779203241   ,      0.132 , -0.007537260700283221 ,             0,             1
steam-8k              , IA-SASRec-Add, recall@50 ,       5, 0.838752238243329   , 0.2793001247313358    ,          0.3125,         37025, 0.8271824891829982  , -0.001026333558406482  , 0.004564483457123565   ,      0.212 , 0.006401124230067537  ,             1,             0
steam-8k              , IA-SASRec-Mul, mrr@10    ,       5, -1.3071895424836553 , 0.7152500262204439    ,          0.625 ,         37025, -1.3622018882492286 , -0.0011603667620548109 , 0.0005018230925050632  ,      0.453 , -0.003967372183351908 ,             1,             1
steam-8k              , IA-SASRec-Mul, mrr@100   ,       5, -0.5649717514124325 , 0.8403379468777872    ,          0.625 ,         37025, -0.6071104612095315 , -0.0009756923139977668 , 0.0006195087045490328  ,      0.65  , -0.0024120079774328424,             1,             0
steam-8k              , IA-SASRec-Mul, mrr@20    ,       5, -1.0814708002883933 , 0.7260899835356927    ,          0.625 ,         37025, -1.0477373197429707 , -0.0010845713683387687 , 0.0005287230787200997  ,      0.49  , -0.003563051823717003 ,             1,             1
steam-8k              , IA-SASRec-Mul, mrr@50    ,       5, -0.7868852459016369 , 0.7815096805163371    ,          0.625 ,         37025, -0.7393140894439464 , -0.0010039707593384694 , 0.0005885647799010067  ,      0.599 , -0.0027999885493922337,             1,             0
steam-8k              , IA-SASRec-Mul, ndcg@10   ,       5, -1.9262520638414913 , 0.4242347338928842    ,          0.4375,         37025, -1.8355764514779844 , -0.001652053788351358  , 0.0002641397372268868  ,      0.196 , -0.007006123702126552 ,             1,             1
steam-8k              , IA-SASRec-Mul, ndcg@100  ,       5, 0.21999511121974677 , 0.8604552279835459    ,          0.8125,         37025, 0.25018446948059353 , -0.000677269681358712  , 0.0010380579102575414  ,      0.656 , 0.0024391144643713444 ,             1,             0
steam-8k              , IA-SASRec-Mul, ndcg@20   ,       5, -1.1575031004547323 , 0.5062246343993039    ,          0.625 ,         37025, -1.157825594485362  , -0.001460512182841979  , 0.00034362323408998295 ,      0.211 , -0.006196931840200842 ,             1,             1
steam-8k              , IA-SASRec-Mul, ndcg@50   ,       5, -0.3039513677811553 , 0.8033326066306482    ,          0.625 ,         37025, -0.28718943480203063, -0.0011131603205200775 , 0.0007072632782563909  ,      0.658 , -0.0021791403021529654,             1,             0
steam-8k              , IA-SASRec-Mul, recall@10 ,       5, -2.3702923360547823 , 0.06240028546805949   ,          0.125 ,         37025, -2.3826458036984355 , -0.003916272788656313  , 0.00018906144496961513 ,      0.081 , -0.00906043360445046  ,             0,             0
steam-8k              , IA-SASRec-Mul, recall@100,       5, 0.8996272972625634  , 0.3599632867681169    ,          0.4375,         37025, 0.9024644220756682  , -0.00016205266711681298, 0.005914922349763673   ,      0.066 , 0.009534035010119271  ,             1,             0
steam-8k              , IA-SASRec-Mul, recall@20 ,       5, -1.194511702986278  , 0.19185398423595587   ,          0.3125,         37025, -1.1987794245858763 , -0.0037272113436866983 , 0.0008642808912896692  ,      0.2   , -0.006542076532682093 ,             0,             0
steam-8k              , IA-SASRec-Mul, recall@50 ,       5, 0.16021110168692934 , 0.7592648742036492    ,          1.0   ,         37025, 0.15271061338763045 , -0.0024307900067521947 , 0.0031600270087778527  ,      0.846 , 0.0012060004278075073 ,             0,             0
steam-8k              , IA-SASRec-Val, mrr@10    ,       5, -4.330065359477123  , 0.135414719919231     ,          0.1875,         37025, -4.291591042340566  , -0.0017181524173927956 , -0.00036840750029473957,      0.003 , -0.0159076487188979   ,             0,             3
steam-8k              , IA-SASRec-Val, mrr@100   ,       5, -3.3898305084745797 , 0.12726872693559124   ,          0.1875,         37025, -3.3961296445425955 , -0.0017066817256037807 , -0.00045034482729792416,      0.002 , -0.017192081322692412 ,             0,             3
steam-8k              , IA-SASRec-Val, mrr@20    ,       5, -3.5328046142754164 , 0.16636015067551385   ,          0.1875,         37025, -3.49876295041017   , -0.001610712106585612  , -0.0003126440138542895 ,      0.006 , -0.015157963630483396 ,             0,             3
steam-8k              , IA-SASRec-Val, mrr@50    ,       5, -3.475409836065573  , 0.12533107731284218   ,          0.1875,         37025, -3.3442876160155275 , -0.0016408488348746272 , -0.0003751102839447585 ,      0.004 , -0.01614161282265115  ,             0,             3
steam-8k              , IA-SASRec-Val, ndcg@10   ,       5, -3.4672537149146905 , 0.10317532222276782   ,          0.125 ,         37025, -3.4523768485740542 , -0.0020107126697978908 , -0.0005042615853238252 ,      0.0005, -0.016648805555312243 ,             0,             2
steam-8k              , IA-SASRec-Val, ndcg@100  ,       5, -2.2977267171840636 , 0.008945968399873324  ,          0.0625,         37025, -2.2255556017416063 , -0.0024996261710488895 , -0.0011651602939477877 ,      0.0005, -0.027543134768615106 ,             0,             4
steam-8k              , IA-SASRec-Val, ndcg@20   ,       5, -2.1083092186854047 , 0.1571912739215838    ,          0.1875,         37025, -2.1296992573971223 , -0.0017797792896629813 , -0.000281951683249294  ,      0.005 , -0.014401782380694738 ,             0,             1
steam-8k              , IA-SASRec-Val, ndcg@50   ,       5, -1.854103343465048  , 0.06723696752011835   ,          0.0625,         37025, -1.8746730574856207 , -0.0019260592646864355 , -0.000551757263873511  ,      0.001 , -0.01807474822040462  ,             0,             1
steam-8k              , IA-SASRec-Val, recall@10 ,       5, -2.580984988148536  , 0.1545359867740291    ,          0.1875,         37025, -2.59601706970128   , -0.0037812288993923026 , -0.00024240378122890308,      0.024 , -0.011614928622252357 ,             0,             2
steam-8k              , IA-SASRec-Val, recall@100,       5, -1.741421411129672  , 0.1060296821237793    ,          0.125 ,         37025, -1.7355085039916698 , -0.00799527346387576   , -0.0028892640108035147 ,      0.0005, -0.021593404027268483 ,             0,             3
steam-8k              , IA-SASRec-Val, recall@20 ,       5, -0.952380952380953  , 0.18500724142385003   ,          0.3125,         37025, -0.9808195292066261 , -0.003133018230925051  , 0.0008102633355840649  ,      0.225 , -0.006243652803637781 ,             0,             0
steam-8k              , IA-SASRec-Val, recall@50 ,       5, -0.9424182452172256 , 0.25240054869684614   ,          0.4375,         37025, -0.9544413336726901 , -0.004268062120189061  , 0.00029777177582714017 ,      0.09  , -0.008888641263229384 ,             0,             1
